City_ID,City,Lat,Lng,Max Temp,Humidity,Cloudiness,Wind Speed,Country,Date
0,puerto natales,-51.7236,-72.4875,2.79,87,100,9.2,CL,1696645362
1,bilibino,68.0546,166.4372,-8.36,90,96,0.76,RU,1696645459
2,tindouf,27.6711,-8.1474,27.25,19,90,6.17,DZ,1696645460
3,puerto ayora,-0.7393,-90.3518,23.64,94,81,2.24,EC,1696645460
4,waitangi,-43.9535,-176.5597,13.23,81,33,2.68,NZ,1696645460
5,tofol,5.3248,163.0078,30.88,70,75,4.63,FM,1696645460
6,tura,25.5198,90.2201,22.58,99,99,1.08,IN,1696645460
7,albertina,-22.2008,-46.6158,20.94,85,79,2.67,BR,1696645460
8,edinburgh of the seven seas,-37.0676,-12.3116,12.09,68,88,3.85,SH,1696645460
9,qaqortoq,60.7167,-46.0333,0.89,96,100,2.47,GL,1696645461
10,whiteville,34.3388,-78.7031,21.16,95,0,0.0,US,1696645461
11,chacabuco,-34.6417,-60.4739,12.37,48,36,3.1,AR,1696645369
12,thompson,55.7435,-97.8558,5.09,93,75,3.6,CA,1696645461
13,minas de marcona,-15.2119,-75.1103,13.56,89,91,6.25,PE,1696645461
14,mukalla,14.5425,49.1242,29.21,48,6,1.45,YE,1696645462
15,myeik,12.4333,98.6,24.68,95,100,1.05,MM,1696645462
16,alesund,62.4723,6.1549,8.2,78,75,5.66,NO,1696645302
17,kilinochchi,9.3961,80.3982,27.3,80,42,5.07,LK,1696645462
18,yangjiang,21.85,111.9667,27.21,66,100,4.08,CN,1696645462
19,lihue,21.9789,-159.3672,30.58,72,100,3.09,US,1696645462
20,pailon,-17.65,-62.75,30.5,32,10,6.92,BO,1696645462
21,port-aux-francais,-49.35,70.2167,1.29,61,45,12.99,TF,1696645364
22,isafjordur,66.0755,-23.124,-0.42,76,4,2.78,IS,1696645463
23,guozhen,34.3659,107.359,16.05,74,39,1.05,CN,1696645463
24,margaret river,-33.95,115.0667,24.1,38,6,3.44,AU,1696645463
25,bredasdorp,-34.5322,20.0403,13.23,94,100,8.97,ZA,1696645463
26,wailua homesteads,22.0669,-159.378,30.24,77,100,3.09,US,1696645463
27,flying fish cove,-10.4217,105.6791,26.82,78,75,5.14,CX,1696645463
28,nemuro,43.3236,145.575,12.64,77,100,11.15,JP,1696645207
29,taulaga,-11.0553,-171.0883,27.22,80,99,9.43,AS,1696645464
30,corinto,37.9407,22.9573,18.83,65,77,1.7,GR,1696645464
31,bethel,41.3712,-73.414,20.05,89,100,2.06,US,1696645464
32,hawaiian paradise park,19.5933,-154.9731,28.18,75,20,3.09,US,1696645464
33,pentecoste,-3.7928,-39.2703,25.39,81,79,2.4,BR,1696645464
34,aykhal,66.0,111.5,1.15,98,100,8.94,RU,1696645464
35,saipan,15.1355,145.701,31.39,70,20,7.2,MP,1696645465
36,dudinka,69.4058,86.1778,2.57,92,74,8.49,RU,1696645465
37,fortaleza,-3.7227,-38.5247,27.34,78,75,7.2,BR,1696645465
38,zabol,32.25,67.25,13.52,33,0,5.73,AF,1696645466
39,adamstown,-25.066,-130.1015,20.58,77,73,5.43,PN,1696645467
40,san rafael,-34.6177,-68.3301,16.21,16,0,4.53,AR,1696645467
41,cherrapunji,25.3,91.7,15.93,99,100,0.89,IN,1696645467
42,tepalcatepec,19.1833,-102.85,26.74,78,78,1.59,MX,1696645468
43,broken hill,-31.95,141.4333,16.56,32,2,6.13,AU,1696645461
44,orillia,44.6087,-79.4207,13.94,92,40,1.54,CA,1696645401
45,invercargill,-46.4,168.35,10.57,58,49,4.92,NZ,1696645468
46,haparanda,65.8355,24.1368,1.03,93,100,5.06,SE,1696645468
47,caxito,-8.5785,13.6643,23.53,89,76,1.61,AO,1696645468
48,vilyuysk,63.7553,121.6247,0.56,99,100,2.24,RU,1696645468
49,albany,42.6001,-73.9662,20.23,88,100,2.68,US,1696645469
50,sinop,41.7711,34.8709,11.68,81,100,1.48,TR,1696645325
51,nizhneudinsk,54.9076,99.0276,8.9,68,100,1.34,RU,1696645469
52,chonchi,-42.6128,-73.8092,5.56,85,68,1.45,CL,1696645469
53,dean funes,-30.4204,-64.3498,15.29,39,31,9.1,AR,1696645469
54,markovo,57.3206,107.0881,6.53,91,100,3.58,RU,1696645469
55,whitehorse,60.7161,-135.0538,12.43,54,75,4.63,CA,1696645470
56,sampit,-2.5333,112.95,33.64,40,11,2.27,ID,1696645470
57,punta arenas,-53.15,-70.9167,4.06,87,75,13.89,CL,1696645415
58,grytviken,-54.2811,-36.5092,1.91,98,100,0.57,GS,1696645366
59,chinde,26.8418,88.0763,17.82,96,96,0.72,NP,1696645470
60,stanley,54.868,-1.6985,15.4,95,75,1.03,GB,1696645470
61,kone,-21.0595,164.8658,25.86,52,100,1.46,NC,1696645470
62,el granada,37.5027,-122.4694,30.29,36,0,6.17,US,1696645471
63,auki,-8.7676,160.7034,27.34,86,92,3.29,SB,1696645471
64,tiksi,71.6872,128.8694,-4.67,86,90,4.84,RU,1696645471
65,xiaolingwei,32.0333,118.85,16.99,86,100,4.57,CN,1696645471
66,loukhi,66.0764,33.0381,0.91,88,99,1.75,RU,1696645338
67,sarakhs,36.5449,61.1577,13.66,52,0,0.94,IR,1696645471
68,makushino,55.2103,67.2442,11.33,63,100,1.93,RU,1696645472
69,san andres,12.5847,-81.7006,28.01,89,20,1.54,CO,1696645472
70,usinsk,65.9939,57.5281,2.26,92,100,1.34,RU,1696645472
71,mahibadhoo,3.7833,72.9667,27.12,80,49,2.66,MV,1696645472
72,blackmans bay,-43.0167,147.3167,14.85,54,95,4.02,AU,1696645472
73,loreto,22.2667,-101.9667,17.84,70,99,10.48,MX,1696645472
74,mandal,25.45,74.5667,22.36,60,10,2.69,IN,1696645472
75,carnarvon,-24.8667,113.6333,25.75,42,0,4.08,AU,1696645473
76,gadzhiyevo,69.2551,33.3362,-0.14,81,100,3.06,RU,1696645473
77,tucurui,-3.7661,-49.6725,27.32,61,9,1.39,BR,1696645473
78,anchorage,61.2181,-149.9003,10.48,91,100,3.09,US,1696645241
79,longyearbyen,78.2186,15.6401,-1.09,59,75,7.2,SJ,1696645473
80,teknaf,20.8624,92.3058,26.97,87,100,1.26,BD,1696645473
81,ushuaia,-54.8,-68.3,6.81,95,75,4.47,AR,1696645474
82,elko,41.0002,-115.5012,18.69,35,0,2.68,US,1696645474
83,atakpame,7.5333,1.1333,22.21,97,100,1.34,TG,1696645387
84,vadso,70.0744,29.7487,-1.51,86,45,3.6,NO,1696645474
85,alofi,-19.0595,-169.9187,24.94,53,14,5.14,NU,1696645474
86,avarua,-21.2078,-159.775,24.03,73,100,3.6,CK,1696645474
87,katsuura,35.1333,140.3,18.85,55,97,3.47,JP,1696645474
88,juneau,58.3019,-134.4197,12.34,98,100,5.66,US,1696645204
89,hithadhoo,-0.6,73.0833,27.28,79,65,4.33,MV,1696645475
90,tazovsky,67.4667,78.7,1.31,93,26,4.42,RU,1696645475
91,necochea,-38.5473,-58.7368,7.04,80,43,2.44,AR,1696645475
92,ribeira grande,38.5167,-28.7,20.99,74,27,6.26,PT,1696645475
93,nuku'alofa,-21.1333,-175.2,23.19,56,40,2.57,TO,1696645475
94,aracoiaba,-4.3711,-38.8142,24.6,89,84,2.4,BR,1696645475
95,vorgashor,67.5833,63.95,2.79,96,100,3.63,RU,1696645475
96,west island,-12.1568,96.8225,26.99,78,75,4.12,CC,1696645476
97,antsiranana,-12.2787,49.2917,22.3,76,10,7.54,MG,1696645476
98,tarauaca,-8.1614,-70.7656,30.74,48,99,1.33,BR,1696645476
99,ritchie,-29.038,24.6028,16.56,22,87,2.75,ZA,1696645476
100,holualoa,19.6228,-155.9522,26.91,82,40,6.17,US,1696645476
101,brookings,44.3114,-96.7984,7.43,76,100,7.2,US,1696645320
102,cajaruro,-5.7364,-78.4256,27.58,60,100,1.92,PE,1696645477
103,ancud,-41.8697,-73.8203,7.17,69,41,3.62,CL,1696645477
104,kodiak,57.79,-152.4072,10.73,71,20,3.09,US,1696645477
105,santa isabel,-23.3156,-46.2214,27.42,95,89,2.1,BR,1696645477
106,sinabang,2.4803,96.3801,27.6,77,97,3.19,ID,1696645477
107,tsumeb,-19.2333,17.7167,23.9,13,0,2.52,NA,1696645477
108,tangzhai,34.4328,116.5911,18.23,45,100,0.71,CN,1696645477
109,zaysan,47.4667,84.8667,13.02,59,100,0.55,KZ,1696645478
110,atafu village,-8.5421,-172.5159,29.02,75,99,4.75,TK,1696645478
111,badger,64.8,-147.5333,2.77,93,0,3.09,US,1696645478
112,iqaluit,63.7506,-68.5145,0.85,69,20,4.63,CA,1696645478
113,tulun,54.5611,100.5792,9.49,63,100,1.31,RU,1696645478
114,new kingman-butler,35.265,-114.0323,27.72,17,0,2.06,US,1696645478
115,hamilton,39.1834,-84.5333,15.43,61,56,5.36,US,1696645245
116,gornozavodsk,58.3758,58.3211,4.17,98,45,1.73,RU,1696645479
117,kapuskasing,49.4169,-82.4331,8.05,87,20,3.09,CA,1696645479
118,okhotsk,59.3833,143.3,3.96,86,0,6.7,RU,1696645479
119,aasiaat,68.7098,-52.8699,1.99,96,100,9.88,GL,1696645479
120,kourou,5.1552,-52.6478,28.03,83,84,3.76,GF,1696645479
121,guercif,34.2257,-3.3536,23.18,32,78,2.57,MA,1696645479
122,maxixe,-23.8597,35.3472,21.46,91,0,2.62,MZ,1696645479
123,al bayda',32.7627,21.7551,17.2,83,47,4.74,LY,1696645480
124,penzance,50.1186,-5.5371,16.38,90,25,5.46,GB,1696644991
125,nguigmi,14.2495,13.1092,27.23,49,58,3.62,NE,1696645480
126,talnakh,69.4865,88.3972,2.34,93,100,8.72,RU,1696645379
127,ebon,4.582,168.6964,28.81,76,37,3.28,MH,1696645480
128,pisco,-13.7,-76.2167,18.34,88,0,7.72,PE,1696645468
129,sur,22.5667,59.5289,28.92,54,4,2.29,OM,1696645480
130,yellowknife,62.456,-114.3525,2.45,100,100,3.6,CA,1696645481
131,eleskirt,39.8033,42.6736,7.34,54,16,2.12,TR,1696645481
132,san patricio,28.017,-97.5169,27.92,54,100,4.38,US,1696645481
133,crane,31.3974,-102.3501,22.98,37,100,3.44,US,1696645481
134,tangalle,6.024,80.7911,26.09,90,99,5.09,LK,1696645481
135,kapa'a,22.0752,-159.319,30.99,77,100,3.09,US,1696645481
136,hadibu,12.65,54.0333,26.23,81,28,2.31,YE,1696645482
137,tazacorte,28.629,-17.9293,23.54,73,0,3.09,ES,1696645482
138,harsud,22.1,76.7333,23.05,74,85,0.58,IN,1696645482
139,utrik,11.2278,169.8474,28.61,77,6,8.34,MH,1696645482
140,filingue,14.3521,3.3168,30.9,23,5,2.43,NE,1696645482
141,georgetown,5.4112,100.3354,28.96,83,20,3.13,MY,1696645345
142,papatowai,-46.5619,169.4708,9.32,56,77,4.79,NZ,1696645482
143,voinjama,8.4219,-9.7478,20.53,100,100,0.63,LR,1696645483
144,smithers,54.7804,-127.1743,13.18,88,75,2.06,CA,1696645483
145,odessa,46.4775,30.7326,13.44,47,2,2.48,UA,1696645475
146,pont rouge,48.8833,-72.0825,17.16,96,100,3.38,CA,1696645483
147,nikolayevsk-on-amure,53.1406,140.73,8.42,57,34,2.78,RU,1696645483
148,sertania,-8.0736,-37.2644,22.18,73,8,4.94,BR,1696645483
149,maceio,-9.6658,-35.7353,24.69,100,75,2.57,BR,1696645207
150,weno,7.4515,151.8468,30.97,79,40,3.6,FM,1696645484
151,opuwo,-18.0607,13.84,19.97,45,0,1.99,NA,1696645484
152,susuman,62.7833,148.1667,-1.12,82,100,2.24,RU,1696645484
153,uturoa,-16.7333,-151.4333,26.19,79,39,6.26,PF,1696645484
154,vila velha,-20.3297,-40.2925,24.97,86,20,6.69,BR,1696645484
155,saint-pierre,-21.3393,55.4781,20.87,64,20,3.6,RE,1696645427
156,ust-tsilma,65.441,52.1498,2.01,92,100,1.34,RU,1696645484
157,olonkinbyen,70.9221,-8.7187,0.54,63,7,6.33,SJ,1696645485
158,yerofey pavlovich,53.9667,121.9667,8.36,50,100,1.0,RU,1696645485
159,dryden,49.7833,-92.7503,4.16,81,20,2.06,CA,1696645485
160,la mira,18.035,-102.3266,27.82,83,91,1.11,MX,1696645485
161,hengchun,22.0042,120.7439,28.06,79,48,6.02,TW,1696645485
162,kismayo,-0.3582,42.5454,25.84,82,8,5.71,SO,1696645485
163,port alfred,-33.5906,26.891,17.88,100,100,1.34,ZA,1696645486
164,shawinigan,46.5668,-72.7491,19.25,94,100,2.06,CA,1696645486
165,puerto lempira,15.2667,-83.7667,27.16,85,28,2.96,HN,1696645486
166,oum hadjer,13.2954,19.6966,27.75,56,92,3.94,TD,1696645486
167,alpine,32.835,-116.7664,26.07,43,0,0.0,US,1696645486
168,mabaruma,8.2,-59.7833,25.33,89,100,1.57,GY,1696645486
169,mao,39.8885,4.2658,19.31,94,0,1.54,ES,1696645487
170,port blair,11.6667,92.75,27.02,89,75,4.12,IN,1696645487
171,sabang,5.8933,95.3214,27.75,75,100,4.05,ID,1696645487
172,najran,17.4924,44.1277,20.36,25,0,1.43,SA,1696645226
173,anbu,23.449,116.6809,22.96,94,75,4.0,CN,1696645487
174,anadyr,64.75,177.4833,1.28,64,75,3.58,RU,1696645487
175,kisangani,0.5167,25.2,22.2,98,100,1.09,CD,1696645487
176,constantia,44.1833,28.65,12.61,52,0,1.83,RO,1696645260
177,brezina,33.0989,1.2608,19.66,24,0,1.6,DZ,1696645488
178,mwene-ditu,-7.0,23.45,21.76,64,100,1.14,CD,1696645488
179,medina de pomar,42.9294,-3.488,15.48,72,0,1.06,ES,1696645488
180,kuusamo,65.9667,29.1833,0.02,100,100,2.57,FI,1696645488
181,tucuma,-0.1833,-50.05,26.17,77,99,4.32,BR,1696645488
182,belo sur tsiribihina,-19.7,44.55,21.82,93,35,1.89,MG,1696645488
183,general acha,-37.377,-64.6043,12.08,29,0,4.27,AR,1696645489
184,tsiombe,-25.3,45.4833,18.41,85,0,1.55,MG,1696645489
185,sitka,57.0531,-135.33,12.94,94,100,3.09,US,1696645489
186,howard springs,-12.497,131.047,33.23,23,63,4.0,AU,1696645489
187,turkmenabat,39.0733,63.5786,9.99,100,0,2.06,TM,1696645489
188,mount gambier,-37.8333,140.7667,14.81,47,49,4.04,AU,1696645489
189,ecoporanga,-18.3733,-40.8306,23.34,78,13,1.96,BR,1696645490
190,lagoa,39.05,-27.9833,19.86,67,3,11.21,PT,1696645490
191,pacific grove,36.6177,-121.9166,26.82,56,0,1.54,US,1696645490
192,jinghong,21.991,100.7341,25.14,86,99,1.23,CN,1696645490
193,amga,60.8953,131.9608,-0.57,92,100,3.58,RU,1696645490
194,worgl,47.4833,12.0667,10.07,93,78,1.77,AT,1696645490
195,kavaratti,10.5669,72.642,27.39,65,25,2.65,IN,1696645490
196,college,64.8569,-147.8028,2.82,91,75,3.09,US,1696645357
197,east london,-33.0153,27.9116,20.27,97,100,2.49,ZA,1696645491
198,kiunga,-6.1219,141.2906,25.99,88,98,1.72,PG,1696645491
199,ende,-8.8432,121.6623,31.46,51,6,1.68,ID,1696645491
200,hermanus,-34.4187,19.2345,14.06,91,99,8.12,ZA,1696645363
201,tolanaro,-25.0319,46.9987,22.04,64,0,10.8,MG,1696645491
202,port mathurin,-19.6833,63.4167,22.82,75,14,7.8,MU,1696645491
203,whangarei,-35.7317,174.3239,16.52,89,100,2.03,NZ,1696645492
204,tonkino,57.3726,46.4629,8.12,96,99,2.05,RU,1696645492
205,sanga-sanga,5.0725,119.7853,28.12,67,51,1.24,PH,1696645492
206,mount isa,-20.7333,139.5,30.87,14,6,6.69,AU,1696645492
207,ilulissat,69.2167,-51.1,6.01,65,100,5.66,GL,1696645492
208,ghat,24.9647,10.1728,22.61,31,5,3.21,LY,1696645492
209,wagar,16.1525,36.2032,29.65,36,0,4.03,SD,1696645492
210,bonthe,7.5264,-12.505,24.45,94,100,1.7,SL,1696645493
211,vila franca do campo,37.7167,-25.4333,20.23,92,96,2.29,PT,1696645493
212,colatina,-19.5394,-40.6306,23.85,84,56,0.78,BR,1696645493
213,buala,-8.145,159.5921,28.27,77,100,2.35,SB,1696645493
214,chopinzinho,-25.8558,-52.5233,20.97,87,37,1.48,BR,1696645493
215,manga,11.6636,-1.0731,24.91,75,60,3.51,BF,1696645493
216,arraial do cabo,-22.9661,-42.0278,22.38,96,99,5.3,BR,1696645494
217,motul,21.1,-89.2833,29.0,85,87,2.02,MX,1696645494
218,nuuk,64.1835,-51.7216,6.34,70,100,28.29,GL,1696645494
219,kavieng,-2.5744,150.7967,28.32,73,97,5.86,PG,1696645494
220,afaahiti,-17.75,-149.2833,27.93,84,99,6.63,PF,1696645494
221,tidjikja,18.5564,-11.4271,30.79,35,76,3.72,MR,1696645287
222,saint-philippe,-21.3585,55.7679,19.77,80,56,5.14,RE,1696645494
223,nova sintra,14.8667,-24.7167,23.64,81,23,2.75,CV,1696645494
224,sungai raya,0.7,108.9,29.78,71,30,2.45,ID,1696645495
225,springs,-26.25,28.4,18.16,57,0,4.17,ZA,1696645495
226,itaituba,-4.2761,-55.9836,30.09,70,0,1.03,BR,1696645495
227,kondagaon,19.6,81.6667,22.24,72,99,1.24,IN,1696645495
228,gozyeri,40.866,32.5417,7.33,86,53,0.66,TR,1696645495
229,nar'yan-mar,67.6713,53.087,0.62,91,11,5.81,RU,1696645495
230,qo'rg'ontepa,40.734,72.7628,15.23,88,100,1.0,UZ,1696645496
231,cole harbour,44.6724,-63.4751,15.71,95,73,2.06,CA,1696645496
232,lastoursville,-0.8143,12.7287,22.27,97,100,0.85,GA,1696645496
233,zhangye,38.9342,100.4517,17.12,32,0,1.2,CN,1696645496
234,ad dilam,23.9915,47.1627,27.23,22,0,1.79,SA,1696645496
235,zyryanskoye,56.8306,86.6258,9.51,81,100,2.29,RU,1696645281
236,wisconsin rapids,44.3836,-89.8174,7.96,80,40,4.63,US,1696645344
237,waingapu,-9.6567,120.2641,30.93,55,0,5.8,ID,1696645497
238,howrah,22.5892,88.3103,28.0,89,40,2.57,IN,1696645497
239,balaklava,44.5,33.6,12.77,46,60,3.45,UA,1696645497
240,reggane,26.7158,0.1714,27.32,25,99,8.78,DZ,1696645497
241,gornopravdinsk,60.05,69.9,9.4,92,100,3.43,RU,1696645497
242,egilsstadir,65.2653,-14.3948,-3.05,86,75,2.57,IS,1696645497
243,masterton,-40.9597,175.6575,13.27,82,100,2.87,NZ,1696645497
244,yur'yev-pol'skiy,56.5,39.6833,1.04,89,57,5.57,RU,1696645498
245,inarajan village,13.2736,144.7484,30.55,93,95,6.38,GU,1696645498
246,herat,34.5,62.0,10.36,74,0,3.71,AF,1696645498
247,rio gallegos,-51.6226,-69.2181,9.03,40,0,13.89,AR,1696645498
248,kwang binh,17.4833,106.6,28.57,76,84,2.51,VN,1696645498
249,shiqian,27.5225,108.2281,14.29,93,100,0.97,CN,1696645499
250,greymouth,-42.4667,171.2,12.48,59,51,5.33,NZ,1696645499
251,port elizabeth,-33.918,25.5701,16.29,99,100,4.12,ZA,1696645499
252,al faw,29.9776,48.4741,24.0,30,6,5.83,IQ,1696645499
253,bathurst,-33.4166,149.5806,18.24,43,5,1.34,AU,1696645499
254,nhamunda,-2.1861,-56.7131,28.17,48,47,1.4,BR,1696645499
255,tughyl,47.7252,84.2063,13.76,61,100,0.58,KZ,1696645499
256,petropavlovsk-kamchatsky,53.0452,158.6483,10.33,73,75,5.0,RU,1696645500
257,sechura,-5.5569,-80.8222,20.44,80,43,6.26,PE,1696645500
258,kas,36.2018,29.6377,22.64,62,42,1.22,TR,1696645500
259,celso ramos,-27.6344,-51.3364,17.21,99,86,0.73,BR,1696645455
260,juegang,32.3174,121.1855,20.51,72,100,5.33,CN,1696645500
261,cinisi,38.1562,13.1073,21.59,77,0,2.57,IT,1696645501
262,amalapuram,16.5833,82.0167,26.91,70,90,1.86,IN,1696645501
263,sergeyevka,53.88,67.4158,11.2,63,100,2.87,KZ,1696645501
264,floro,61.5996,5.0328,6.04,75,40,4.12,NO,1696645501
265,acarau,-2.8856,-40.12,26.19,83,84,6.04,BR,1696645467
266,korla,41.7597,86.1469,18.64,31,89,5.09,CN,1696645501
267,coari,-4.085,-63.1414,28.69,56,98,1.1,BR,1696645501
268,remire-montjoly,4.9167,-52.2667,28.02,83,20,1.03,GF,1696645502
269,nagqu,31.5,92.0,4.01,31,95,2.15,CN,1696645502
270,sangin,32.0728,64.8359,16.45,40,0,2.85,AF,1696645502
271,gilgit,35.9221,74.3087,19.55,48,7,0.24,PK,1696645502
272,warmbad,-28.45,18.7333,13.29,49,22,4.47,NA,1696645502
273,porto novo,6.4965,2.6036,24.03,95,100,2.02,BJ,1696645503
274,ust-nera,64.5667,143.2,-2.1,96,100,1.79,RU,1696645503
275,coquimbo,-29.9533,-71.3436,12.85,76,0,2.06,CL,1696645503
276,noumea,-22.2763,166.4572,26.99,64,98,4.6,NC,1696645015
277,pimentel,-6.8367,-79.9342,21.16,78,75,9.26,PE,1696645503
278,lorengau,-2.0226,147.2712,27.08,85,71,6.6,PG,1696645503
279,sorsk,54.0033,90.2467,6.95,63,10,1.26,RU,1696645503
280,puri,19.8,85.85,28.29,70,98,2.87,IN,1696645504
281,vershino-darasunskiy,52.35,115.5167,8.54,65,100,1.9,RU,1696645504
282,kaa-khem,51.6833,94.7333,8.56,53,43,1.14,RU,1696645504
283,medina,24.4686,39.6142,26.24,11,0,1.54,SA,1696645277
284,karratha,-20.7377,116.8463,33.28,17,0,10.2,AU,1696645229
285,hammerfest,70.6634,23.6821,2.25,69,100,5.14,NO,1696645504
286,masuguru,-11.3667,38.4167,22.36,82,81,1.83,TZ,1696645505
287,campana,-34.1687,-58.9591,16.9,56,57,2.61,AR,1696645505
288,kogalym,62.2654,74.4791,5.43,89,100,3.72,RU,1696645505
289,vernon,50.2581,-119.2691,16.53,70,92,1.03,CA,1696645505
290,enewetak,11.3474,162.3373,29.08,72,31,7.74,MH,1696645505
291,saint-francois,46.4154,3.9054,1.69,100,100,1.54,FR,1696645505
292,ponnani,10.767,75.9252,24.62,85,2,1.91,IN,1696645506
293,fale old settlement,-9.3852,-171.2468,28.67,76,80,3.97,TK,1696645506
294,klyuchi,52.2667,79.1667,9.24,72,2,2.48,RU,1696645359
295,kayes,14.0,-11.0,26.18,74,100,0.77,ML,1696645506
296,vilyuchinsk,52.9306,158.4028,11.15,79,100,3.0,RU,1696645506
297,valentin gomez farias,28.2167,-106.5833,18.16,65,96,4.71,MX,1696645506
298,sao jose da coroa grande,-8.8978,-35.1478,24.85,88,38,4.11,BR,1696645507
299,nadym,65.5333,72.5167,2.58,88,9,5.12,RU,1696645507
300,richards bay,-28.783,32.0377,22.58,65,3,7.32,ZA,1696645507
301,qurayyat,31.3318,37.3428,19.1,59,0,3.09,SA,1696645507
302,keflavik,64.0049,-22.5624,3.24,75,20,1.03,IS,1696645507
303,severnoye,56.3491,78.3619,7.77,76,8,2.68,RU,1696645508
304,luderitz,-26.6481,15.1594,14.93,75,100,7.44,NA,1696645508
305,myadzyel,54.8731,26.9359,12.24,86,100,9.18,BY,1696645508
306,hasaki,35.7333,140.8333,22.22,41,14,2.68,JP,1696645508
307,pasuquin,18.3328,120.6177,30.97,70,20,4.12,PH,1696645508
308,muntok,-2.0667,105.1833,29.61,61,16,4.18,ID,1696645508
309,balykshi,47.0667,51.8667,12.0,82,40,4.0,KZ,1696645509
310,paita,-5.0892,-81.1144,20.07,83,80,6.36,PE,1696645509
311,hovsan,40.3744,50.0853,20.07,73,20,2.06,AZ,1696645509
312,florida,28.7505,-82.5001,26.01,81,0,0.0,US,1696645509
313,sisimiut,66.9395,-53.6735,3.07,95,100,22.55,GL,1696645509
314,banamba,13.55,-7.45,26.48,58,97,1.02,ML,1696645509
315,lebu,-37.6167,-73.65,8.49,79,1,2.56,CL,1696645509
316,martuk,50.7475,56.5056,10.19,86,100,2.95,KZ,1696645510
317,capinopolis,-18.6819,-49.5697,27.81,57,30,2.79,BR,1696645510
318,fortuna,40.5982,-124.1573,18.7,76,0,0.0,US,1696645510
319,port augusta,-32.5,137.7667,21.61,23,0,2.39,AU,1696645510
320,hohhot,40.8106,111.6522,11.16,76,40,1.0,CN,1696645510
321,toliara,-23.35,43.6667,22.96,39,0,3.17,MG,1696645510
322,yeed,4.55,43.0333,24.52,76,61,6.65,SO,1696645511
323,kodinsk,58.6881,99.1844,9.69,90,96,1.46,RU,1696645511
324,el calafate,-50.3408,-72.2768,4.0,83,51,6.39,AR,1696645511
325,genhe,50.7833,121.5167,8.7,49,100,0.65,CN,1696645511
326,tutoia,-2.7619,-42.2744,26.72,80,47,5.45,BR,1696645511
327,bel ombre,-4.6167,55.4167,26.91,74,20,7.2,SC,1696645511
328,sambava,-14.2667,50.1667,21.22,85,95,4.84,MG,1696645512
329,hirara,24.8,125.2833,30.92,74,75,5.66,JP,1696645512
330,jabal os saraj,35.1183,69.2378,14.93,41,4,2.5,AF,1696645512
331,libertad,8.9442,125.5019,30.11,66,92,2.51,PH,1696645512
332,port macquarie,-31.4333,152.9167,19.94,43,28,6.85,AU,1696645306
333,jamestown,42.097,-79.2353,15.01,98,100,1.54,US,1696645481
334,cambria,35.5641,-121.0808,30.61,48,0,0.45,US,1696645512
335,plastun,44.7561,136.2939,13.38,51,41,3.58,RU,1696645513
336,suva,-18.1416,178.4415,25.71,57,75,5.14,FJ,1696645513
337,rio grande,-32.035,-52.0986,17.19,94,58,4.42,BR,1696645513
338,iskateley,67.6803,53.1512,0.57,91,11,5.81,RU,1696645280
339,broome,42.2506,-75.833,19.21,94,100,2.57,US,1696645513
340,girvan,55.2426,-4.8555,16.0,96,100,8.25,GB,1696645513
341,carutapera,-1.195,-46.02,26.4,78,10,3.85,BR,1696645513
342,vitebsk,55.1905,30.2033,8.27,86,100,9.13,BY,1696645315
343,susanville,40.4163,-120.653,19.51,56,0,0.0,US,1696645514
344,al ghayzah,16.2079,52.176,25.62,81,33,1.48,YE,1696645514
345,yukhnov,54.7444,35.2297,2.43,81,100,2.93,RU,1696645514
346,st. john's,47.5649,-52.7093,12.1,97,100,4.12,CA,1696645234
347,san jose de feliciano,-30.3845,-58.7517,15.17,73,0,4.03,AR,1696645514
348,harper,4.375,-7.7169,25.22,87,100,3.42,LR,1696645514
349,berdigestyakh,62.0989,126.6992,1.27,98,100,2.68,RU,1696645515
350,darwin,-12.4611,130.8418,33.27,62,20,2.57,AU,1696645473
351,springfield,37.2153,-93.2982,8.32,78,0,1.54,US,1696645241
352,kayangel,8.0823,134.7173,28.65,78,92,6.81,PW,1696645515
353,sokoni,-6.4333,39.55,25.09,76,45,4.22,TZ,1696645515
354,wynyard,-41.0,145.7167,15.54,44,17,1.4,AU,1696645515
355,walvis bay,-22.9575,14.5053,12.83,94,0,4.63,NA,1696645516
356,calipatria,33.1256,-115.5142,34.27,22,0,2.05,US,1696645516
357,flekkefjord,58.2971,6.6607,10.53,70,100,8.76,NO,1696645516
358,laguna,38.421,-121.4238,29.95,41,0,0.0,US,1696645516
359,piton saint-leu,-21.2196,55.3151,20.04,64,20,3.6,RE,1696645516
360,white hall,34.274,-92.091,19.84,77,0,3.6,US,1696645516
361,khenifra,32.9333,-5.6667,22.37,22,100,1.57,MA,1696645517
362,leeton,-34.5667,146.4,21.61,36,0,3.11,AU,1696645517
363,haiku-pauwela,20.9219,-156.3051,29.01,58,20,9.77,US,1696645517
364,heath,40.0228,-82.4446,16.77,57,0,3.6,US,1696645517
365,gudari,19.35,83.7833,25.6,87,100,1.01,IN,1696645517
366,urucara,-2.5364,-57.76,28.06,54,74,1.38,BR,1696645517
367,puerto baquerizo moreno,-0.9,-89.6,23.01,86,95,5.37,EC,1696645517
368,antofagasta,-23.65,-70.4,15.6,78,15,3.26,CL,1696645518
369,mariehamn,60.0973,19.9348,8.92,81,100,9.77,AX,1696645518
370,meizhou,24.2977,116.1072,19.99,98,100,2.03,CN,1696645518
371,tralee,52.2704,-9.7026,14.33,98,100,2.7,IE,1696645518
372,diplo,24.4667,69.584,26.89,73,6,5.6,PK,1696645518
373,kristiansund,63.1115,7.732,7.36,61,75,5.14,NO,1696645518
374,kiruna,67.8557,20.2251,-4.49,80,20,1.54,SE,1696645519
375,andreyevo,55.9465,41.1505,4.65,81,100,4.74,RU,1696645519
376,queenstown,-31.8976,26.8753,15.81,90,78,0.94,ZA,1696645369
377,namtsy,62.7161,129.6658,-2.14,94,100,4.19,RU,1696645519
378,naze,28.3667,129.4833,25.51,64,67,6.37,JP,1696645519
379,taroa,8.7058,171.2275,28.58,80,61,8.38,MH,1696645519
380,xai-xai,-25.0519,33.6442,21.18,83,0,3.69,MZ,1696645520
381,kununurra,-15.7667,128.7333,33.99,13,7,5.66,AU,1696645520
382,marka,1.7159,44.7717,25.86,86,33,6.06,SO,1696645520
383,saarijarvi,62.7049,25.254,4.09,95,100,6.28,FI,1696645520
384,ningchegu,39.1589,117.6625,20.01,42,98,0.78,CN,1696645520
385,la'ie,21.6477,-157.9253,30.0,71,36,2.68,US,1696645520
386,udachny,66.4167,112.4,1.92,100,100,9.3,RU,1696645521
387,palmer,42.1584,-72.3287,19.65,83,100,1.54,US,1696645389
388,moratuwa,6.773,79.8816,26.01,89,93,3.62,LK,1696645521
389,pucheng,27.9233,118.5333,17.34,96,100,1.4,CN,1696645521
390,mostaganem,35.9311,0.0892,24.05,57,0,0.67,DZ,1696645521
391,demopolis,32.5176,-87.8364,19.97,94,0,0.0,US,1696645502
392,ciudad bolivar,8.1222,-63.5497,27.8,64,23,5.2,VE,1696645522
393,papao,-17.75,-149.55,28.82,80,90,6.48,PF,1696645522
394,luchegorsk,46.4764,134.2569,12.21,59,31,1.01,RU,1696645522
395,crieff,56.3727,-3.8389,10.97,97,100,2.32,GB,1696645522
396,tshikapa,-6.4167,20.8,23.83,72,98,1.22,CD,1696645522
397,kindu,-2.95,25.95,21.53,96,99,0.98,CD,1696645522
398,camiri,-20.05,-63.5167,26.75,50,83,0.5,BO,1696645523
399,thunder bay,48.4001,-89.3168,6.99,61,100,7.2,CA,1696645404
400,dapa,9.7594,126.0531,29.01,69,18,2.75,PH,1696645523
401,kerikeri,-35.2268,173.9474,18.84,83,100,2.24,NZ,1696645523
402,presidente olegario,-18.4178,-46.4181,22.57,78,99,1.26,BR,1696645322
403,alice springs,-23.7,133.8833,23.75,22,97,8.23,AU,1696645523
404,frolovo,49.7713,43.6622,5.77,74,6,5.66,RU,1696645523
405,velikiye luki,56.34,30.5452,7.43,91,100,7.94,RU,1696645524
406,sarangani,5.4033,125.4636,28.67,74,98,3.76,PH,1696645524
407,la sarre,48.8002,-79.1996,9.44,80,10,2.87,CA,1696645524
408,lazaro cardenas,17.9583,-102.2,28.42,80,100,1.29,MX,1696645524
409,santo domingo suchitepequez,14.4667,-91.4833,26.7,96,71,1.48,GT,1696645524
410,wertheim,49.7575,9.5094,12.4,85,67,2.18,DE,1696645524
411,verdal,63.7933,11.4817,4.02,80,91,5.66,NO,1696645524
412,nouadhibou,20.931,-17.0347,23.99,78,5,3.6,MR,1696645525
413,axim,4.8699,-2.2405,24.68,92,83,2.8,GH,1696645525
414,folkston,30.8305,-82.0098,21.88,79,96,1.12,US,1696645525
415,trujillo,-8.116,-79.03,18.98,88,75,6.69,PE,1696645338
416,januaria,-15.4833,-44.3667,25.42,73,74,0.33,BR,1696645525
417,cidreira,-30.1811,-50.2056,18.24,98,100,8.16,BR,1696645525
418,fort bragg,35.139,-79.006,21.57,95,0,0.0,US,1696645526
419,cam ranh,11.9214,109.1591,30.98,74,40,1.03,VN,1696645526
420,zabaykal'sk,49.6333,117.3167,11.11,40,100,6.66,RU,1696645526
421,yuzhno-kurilsk,44.0306,145.8556,11.32,86,100,12.42,RU,1696645526
422,khuzdar,27.7384,66.6434,23.53,22,0,3.0,PK,1696645526
423,kingston,17.997,-76.7936,30.53,81,20,1.03,JM,1696645526
424,hami,42.8,93.45,19.41,18,0,1.59,CN,1696645527
425,villa de arista,22.65,-100.8333,19.45,82,88,4.68,MX,1696645527
426,bani walid,31.7566,13.9942,18.77,86,0,1.83,LY,1696645527
427,vobarno,45.6401,10.5035,18.22,83,59,2.11,IT,1696645527
428,boyolangu,-8.1181,111.8935,29.31,59,71,3.84,ID,1696645527
429,kailua-kona,19.6406,-155.9956,28.98,82,40,6.17,US,1696645527
430,tahe,52.3333,124.7333,10.93,44,91,1.58,CN,1696645528
431,hola,51.5377,23.1902,12.1,82,100,7.53,PL,1696645528
432,vrontados,38.4089,26.1328,20.61,67,100,7.33,GR,1696645528
433,calchaqui,-29.8877,-60.287,17.02,54,1,4.02,AR,1696645528
434,dauphin,51.1494,-100.0502,2.08,87,100,2.57,CA,1696645528
435,cooper's town,26.8667,-77.5167,27.42,71,5,4.42,BS,1696645528
436,banjar,-8.19,114.9675,31.66,55,79,1.15,ID,1696645528
437,okakarara,-20.5833,17.4333,17.97,36,0,3.52,NA,1696645529
438,tamanrasset,22.785,5.5228,20.95,28,0,3.09,DZ,1696645529
439,taoudenni,22.6783,-3.9836,32.41,19,63,6.19,ML,1696645529
440,novyy urgal,51.0736,132.5642,7.77,53,0,0.41,RU,1696645529
441,oriximina,-1.7656,-55.8661,28.12,54,25,1.8,BR,1696645529
442,newman,37.3138,-121.0208,30.16,53,0,3.12,US,1696645529
443,osorno,-40.5667,-73.15,7.17,89,20,0.0,CL,1696645530
444,cabo san lucas,22.8909,-109.9124,30.98,72,75,1.54,MX,1696645370
445,olyokminsk,60.3736,120.4264,6.11,83,100,5.36,RU,1696645530
446,mungwi,-10.1732,31.3694,19.88,60,6,2.45,ZM,1696645530
447,camacupa,-12.0167,17.4833,19.77,65,63,2.13,AO,1696645530
448,island harbour,50.724,-1.2758,16.1,93,15,1.34,GB,1696645530
449,santyoku,37.4406,129.1708,18.91,55,95,2.09,KR,1696645530
450,labytnangi,66.6572,66.4183,5.59,95,79,2.93,RU,1696645531
451,bardai,11.65,7.2333,23.09,64,100,2.67,NG,1696645531
452,talara,-4.5772,-81.2719,21.42,83,0,7.04,PE,1696645531
453,sandnessjoen,66.0217,12.6316,0.29,61,100,12.93,NO,1696645531
454,padang,-0.9492,100.3543,28.03,78,65,0.45,ID,1696645531
455,mogocha,53.7333,119.7667,7.64,55,97,0.89,RU,1696645531
456,kulhudhuffushi,6.6221,73.07,28.03,77,99,2.97,MV,1696645531
457,natal,-5.795,-35.2094,26.12,83,20,3.6,BR,1696645325
458,sarh,9.1429,18.3923,21.95,100,20,0.0,TD,1696645532
459,mantua,45.1667,10.7833,16.58,92,99,0.17,IT,1696645336
460,palikir - national government center,6.9248,158.1611,27.41,89,100,0.0,FM,1696645532
461,cabanglasan,8.1214,125.3275,30.31,57,63,0.06,PH,1696645532
462,tashtyp,52.7939,89.8983,7.06,73,8,0.44,RU,1696645532
463,bubaque,11.2833,-15.8333,27.34,79,69,2.44,GW,1696645532
464,metsamor,40.073,44.2896,11.69,87,37,1.03,AM,1696645533
465,abashiri,44.0213,144.2697,11.16,93,75,7.72,JP,1696645533
466,tlahualilo de zaragoza,26.1167,-103.45,17.41,88,100,2.1,MX,1696645533
467,port moresby,-9.4431,147.1797,29.68,66,40,5.14,PG,1696645533
468,pekalongan,-6.8886,109.6753,32.23,59,52,1.46,ID,1696645322
469,tamazulapam villa del progreso,17.6806,-97.5689,16.11,87,98,2.92,MX,1696645534
470,doka,13.5167,35.7667,24.24,68,11,1.51,SD,1696645534
471,gokwe,-18.2048,28.9349,19.52,37,0,1.81,ZW,1696645534
472,northam,51.0333,-4.2167,14.66,93,46,3.62,GB,1696645534
473,chimore,-16.9833,-65.1333,30.64,46,99,0.43,BO,1696645534
474,kampot,10.6167,104.1833,28.03,72,90,1.84,KH,1696645534
475,lajinha,-20.1514,-41.6228,22.46,92,100,0.95,BR,1696645534
476,pemangkat,1.1667,108.9667,28.96,73,32,1.9,ID,1696645535
477,shimokizukuri,40.8061,140.3861,19.73,62,52,5.89,JP,1696645535
478,zaraza,9.3503,-65.3245,24.42,90,99,1.8,VE,1696645535
479,ust'-ilimsk,58.0006,102.6619,6.36,85,100,3.13,RU,1696645535
480,fonte boa,-2.4959,-66.2662,23.39,96,73,1.48,BR,1696645535
481,tashtagol,52.7657,87.8894,6.96,91,4,1.34,RU,1696645282
482,koungou,-12.7336,45.2042,24.84,88,20,2.57,YT,1696645535
483,lata,40.1629,-8.3327,18.84,38,17,1.67,PT,1696645536
484,katsuren-haebaru,26.3369,127.8719,31.21,66,75,6.17,JP,1696645536
485,urangan,-25.3,152.9,22.4,60,40,8.13,AU,1696645536
486,abepura,-2.6333,140.5833,25.48,82,100,2.05,ID,1696645536
487,ribeira brava,32.65,-17.0667,27.29,18,72,2.33,PT,1696645536
488,lompoc,34.6391,-120.4579,28.34,49,0,0.45,US,1696645537
489,abra pampa,-22.7205,-65.697,11.27,13,15,3.47,AR,1696645537
490,pedro ii,-4.4247,-41.4586,24.59,41,87,2.0,BR,1696645537
491,ploneour-lanvern,47.9,-4.2833,14.16,100,8,1.03,FR,1696645537
492,westport,41.1415,-73.3579,20.9,91,100,4.63,US,1696645528
493,fort st. john,56.2499,-120.8529,16.94,48,75,6.69,CA,1696645537
494,newark,40.7357,-74.1724,21.64,86,100,3.09,US,1696645376
495,bukama,-9.2,25.85,26.4,41,98,0.88,CD,1696645538
496,lesnoy,57.6198,63.0784,9.62,91,98,2.0,RU,1696645538
497,punta del este,-34.9667,-54.95,16.04,73,0,6.26,UY,1696645538
498,kivioli,59.3531,26.9711,11.71,87,100,6.57,EE,1696645538
499,mandeville,18.0417,-77.5071,22.67,92,78,0.52,JM,1696645538
500,polyarnyy,69.1989,33.4478,0.03,82,99,3.14,RU,1696645538
501,codrington,-38.2667,141.9667,13.62,54,36,5.53,AU,1696645539
502,san roque,36.2107,-5.3842,21.46,88,100,6.69,ES,1696645539
503,asilah,35.465,-6.0348,22.98,78,100,3.82,MA,1696645539
504,san antonio de pale,-1.4014,5.6325,25.28,85,99,6.65,GQ,1696645539
505,guru har sahai,30.7167,74.4167,25.09,34,0,2.44,IN,1696645539
506,salalah,17.0151,54.0924,25.05,83,75,1.03,OM,1696645539
507,manokwari,-0.8667,134.0833,28.73,73,87,2.67,ID,1696645540
508,le port,-20.9373,55.2919,21.98,85,17,2.78,RE,1696645540
509,shagonar,51.5333,92.8,8.88,54,7,0.58,RU,1696645540
510,jendouba,36.5011,8.7802,16.01,77,10,1.03,TN,1696645540
511,neryungri,56.6709,124.6491,4.02,61,52,1.4,RU,1696645459
512,san julian,21.0167,-102.1667,20.87,47,99,4.62,MX,1696645540
513,ghanzi,-21.5667,21.7833,20.93,13,0,4.35,BW,1696645540
514,phalodi,27.1333,72.3667,26.46,66,0,6.52,IN,1696645541
515,grande prairie,55.1667,-118.8027,17.1,45,75,5.14,CA,1696645541
516,san felipe,10.3399,-68.7425,23.41,96,99,0.44,VE,1696645541
517,ruteng,-8.6136,120.4721,24.99,50,11,0.37,ID,1696645541
518,mizdah,31.4451,12.9801,17.64,88,0,1.6,LY,1696645541
519,jennings,38.7192,-90.2604,12.01,62,0,4.12,US,1696645541
520,rikaze,29.25,88.8833,11.85,49,0,1.52,CN,1696645541
521,shache,38.4167,77.2406,18.73,44,98,5.54,CN,1696645542
522,portland,45.5234,-122.6762,25.57,45,0,4.63,US,1696645395
523,hit,33.6416,42.8251,22.34,57,58,1.6,IQ,1696645542
524,onega,63.9061,38.1404,-0.46,87,39,3.0,RU,1696645542
525,el porvenir,13.7617,-87.3458,26.35,97,89,0.23,HN,1696645542
526,port lincoln,-34.7333,135.8667,14.92,61,3,6.49,AU,1696645542
527,souillac,-20.5167,57.5167,23.21,64,75,5.14,MU,1696645542
528,kegeyli shahar,42.7767,59.6078,9.05,76,0,0.72,UZ,1696645543
529,turaif,31.6725,38.6637,19.14,59,0,3.09,SA,1696645543
530,gevrai,19.2667,75.75,23.77,70,91,1.99,IN,1696645543
531,mossel bay,-34.1831,22.146,15.96,93,100,7.67,ZA,1696645543
532,ladan,50.5196,32.5818,5.9,61,82,3.76,UA,1696645543
533,sidi ifni,29.3797,-10.173,28.07,31,99,4.73,MA,1696645543
534,rio preto da eva,-2.6994,-59.6997,28.99,48,80,1.12,BR,1696645544
535,tondano,1.3038,124.9112,29.05,49,13,2.33,ID,1696645544
536,usogorsk,63.4106,48.6872,4.81,91,100,3.07,RU,1696645544
537,kruisfontein,-34.0033,24.7314,14.94,98,100,3.28,ZA,1696645544
538,mana,5.6592,-53.7767,27.55,85,74,4.89,GF,1696645545
539,isangel,-19.55,169.2667,24.56,64,100,3.85,VU,1696645545
540,sovetskaya gavan',48.9723,140.2878,10.61,60,100,5.48,RU,1696645545
541,picos,-7.0769,-41.4669,26.41,33,9,1.36,BR,1696645545
542,senanga,-16.1167,23.2667,20.51,34,40,2.27,ZM,1696645545
543,khandyga,62.6667,135.6,0.69,71,69,2.92,RU,1696645545
544,zakynthos,37.7914,20.8953,19.24,68,0,2.82,GR,1696645546
545,lijiang,26.8688,100.2207,15.39,94,100,0.81,CN,1696645546
546,rudnichnyy,59.617,52.4703,8.84,70,100,4.01,RU,1696645546
547,chinsali,-10.5414,32.0816,19.65,61,2,1.5,ZM,1696645546
548,roja,57.5,22.8167,12.75,82,97,9.96,LV,1696645546
549,nova vicosa,-17.8919,-39.3719,24.56,80,2,5.11,BR,1696645546
550,yagunovskiy,55.2828,85.978,8.88,81,0,4.02,RU,1696645546
551,ago-are,8.5,3.4167,22.62,95,100,2.81,NG,1696645547
552,baker city,44.7749,-117.8344,18.44,67,0,0.0,US,1696645435
553,ghatanji,20.1333,78.3167,24.16,79,97,2.11,IN,1696645547
554,new norfolk,-42.7826,147.0587,15.51,51,99,2.82,AU,1696645547
555,tannum sands,-23.9504,151.3693,27.64,47,40,8.75,AU,1696645547
556,formosa do rio preto,-11.0483,-45.1931,27.02,43,58,1.39,BR,1696645548
557,mora,11.0461,14.1401,24.5,71,93,1.37,CM,1696645548
558,urengoy,65.9667,78.3667,2.28,92,3,4.02,RU,1696645548
559,borgarnes,64.5383,-21.9206,1.03,74,8,1.24,IS,1696645548
560,barabai,-2.5833,115.3833,34.56,37,9,0.43,ID,1696645548
561,porvoo,60.3923,25.6651,12.35,97,95,3.42,FI,1696645548
562,padangsidempuan,1.3667,99.2667,26.88,82,99,0.81,ID,1696645548
563,freetown,8.484,-13.2299,24.96,90,100,0.58,SL,1696645549
564,lahad datu,5.0268,118.327,29.57,62,12,1.86,MY,1696645549
565,stephenville,32.2207,-98.2023,23.43,52,0,1.54,US,1696645549
566,manaure,11.7751,-72.4445,28.51,79,29,5.0,CO,1696645549
567,kostomuksha,64.571,30.5767,1.39,80,100,3.53,RU,1696645549
568,labrador city,52.9463,-66.9114,13.95,82,75,5.66,CA,1696645549
569,shiraz,29.6036,52.5388,13.69,44,0,0.0,IR,1696645550
570,cave spring,37.2276,-80.0128,19.9,92,100,2.06,US,1696645550
571,bossier city,32.516,-93.7321,23.1,70,0,1.54,US,1696645550
572,barra do bugres,-15.0725,-57.1811,32.42,35,91,2.98,BR,1696645550
573,tomislavgrad,43.7181,17.2267,11.0,51,4,2.53,BA,1696645550
574,xinyuan,37.3,99.0,4.01,43,0,1.55,CN,1696645550
575,tokmok,42.8417,75.3016,14.94,58,100,1.01,KG,1696645550
576,mirny,62.5353,113.9611,5.13,100,100,5.81,RU,1696645551
577,koulamoutou,-1.1303,12.4736,21.87,98,100,0.75,GA,1696645551
578,bhimunipatnam,17.8833,83.4333,27.73,68,88,1.42,IN,1696645551
579,longonjo,-12.9067,15.2533,20.96,74,93,1.02,AO,1696645551
580,melekeok village,7.4957,134.6367,30.31,74,75,4.63,PW,1696645551
581,martapura,-3.4167,114.85,32.05,55,20,1.54,ID,1696645551
582,marquette,46.5333,-87.6335,5.69,90,100,4.47,US,1696645551
